<?xml version="1.0" encoding="UTF-8"?>
<beans xmlns="http://www.springframework.org/schema/beans"
	xmlns:xsi="http://www.w3.org/2001/XMLSchema-instance"
	xsi:schemaLocation="http://www.springframework.org/schema/beans http://www.springframework.org/schema/beans/spring-beans.xsd">
	
	<!-- Root Context: defines shared resources visible to all other web components -->
	<bean id="userValidator" class="com.yusuf.controller.UserValidator"></bean>	
	<bean id="RegisterValidator" class="com.yusuf.controller.RegisterValidator"></bean>	
	<bean id="ProductValidator" class="com.yusuf.controller.ProductValidator"></bean>	
	<bean id="CartValidator" class="com.yusuf.controller.CartValidator"></bean>
<bean id="multipartResolver" class="org.springframework.web.multipart.commons.CommonsMultipartResolver">
   <!-- one of the properties available; the maximum file size in bytes -->
   <property name="maxUploadSize" value="100000"/>
</bean>	
	
</beans>
